passenger_id,has_survived,is_female,age_missing,age_between_0_and_5,age_between_6_and_18,age_between_19_and_55,age_between_56_and_above,number_of_siblings_and_spouses,number_of_parents_and_children,passenger_class,fare,embarked_from_cherbourg,embarked_from_queenstown,embarked_from_southampton
1,1,1,0,0,0,1,0,0,0,1,211.34,0,0,1
2,1,0,0,1,0,0,0,1,2,1,151.55,0,0,1
3,0,1,0,1,0,0,0,1,2,1,151.55,0,0,1
4,0,0,0,0,0,1,0,1,2,1,151.55,0,0,1
5,0,1,0,0,0,1,0,1,2,1,151.55,0,0,1
6,1,0,0,0,0,1,0,0,0,1,26.55,0,0,1
7,1,1,0,0,0,0,1,1,0,1,77.96,0,0,1
8,0,0,0,0,0,1,0,0,0,1,0,0,0,1
9,1,1,0,0,0,1,0,2,0,1,51.48,0,0,1
10,0,0,0,0,0,0,1,0,0,1,49.5,1,0,0
11,0,0,0,0,0,1,0,1,0,1,227.53,1,0,0
12,1,1,0,0,1,0,0,1,0,1,227.53,1,0,0
13,1,1,0,0,0,1,0,0,0,1,69.3,1,0,0
14,1,1,0,0,0,1,0,0,0,1,78.85,0,0,1
15,1,0,0,0,0,0,1,0,0,1,30,0,0,1
16,0,0,1,0,0,0,0,0,0,1,25.93,0,0,1
17,0,0,0,0,0,1,0,0,1,1,247.52,1,0,0
18,1,1,0,0,0,1,0,0,1,1,247.52,1,0,0
19,1,1,0,0,0,1,0,0,0,1,76.29,1,0,0
20,0,0,0,0,0,1,0,0,0,1,75.24,1,0,0
21,1,0,0,0,0,1,0,1,1,1,52.55,0,0,1
22,1,1,0,0,0,1,0,1,1,1,52.55,0,0,1
23,1,0,0,0,0,1,0,0,0,1,30,1,0,0
24,1,1,0,0,0,1,0,0,0,1,227.53,1,0,0
25,1,1,0,0,0,1,0,0,0,1,221.78,0,0,1
26,0,0,0,0,0,1,0,0,0,1,26,1,0,0
27,1,0,0,0,0,1,0,1,0,1,91.08,1,0,0
28,1,1,0,0,0,1,0,1,0,1,91.08,1,0,0
29,1,1,0,0,0,1,0,0,0,1,135.63,0,0,1
30,1,0,0,0,0,1,0,0,0,1,26.55,0,0,1
31,0,0,0,0,0,1,0,0,0,1,35.5,0,0,1
32,1,0,0,0,0,1,0,0,0,1,31,1,0,0
33,1,1,0,0,0,1,0,0,0,1,164.87,0,0,1
34,1,1,0,0,0,0,1,0,0,1,26.55,0,0,1
35,0,0,0,0,0,1,0,0,0,1,26.55,0,0,1
36,1,1,0,0,0,1,0,0,0,1,262.38,1,0,0
37,1,1,0,0,0,1,0,0,1,1,55,0,0,1
38,1,0,1,0,0,0,0,0,0,1,26.55,0,0,1
39,0,0,0,0,0,1,0,0,0,1,30.5,0,0,1
40,0,0,0,0,0,1,0,0,0,1,50.5,1,0,0
41,0,0,1,0,0,0,0,0,0,1,39.6,1,0,0
42,1,1,0,0,0,1,0,0,0,1,27.72,1,0,0
43,1,1,0,0,0,0,1,2,0,1,51.48,0,0,1
44,1,1,0,0,0,0,1,0,0,1,76.29,1,0,0
45,1,1,0,0,0,1,0,0,0,1,134.5,1,0,0
46,0,0,0,0,0,1,0,0,0,1,26.55,0,0,1
47,0,0,1,0,0,0,0,0,0,1,31,0,0,1
48,1,0,0,0,0,1,0,0,0,1,26.29,0,0,1
49,1,1,0,0,0,1,0,0,0,1,27.45,1,0,0
50,1,0,0,0,0,1,0,0,1,1,512.33,1,0,0
51,1,1,0,0,0,0,1,0,1,1,512.33,1,0,0
52,0,0,0,0,0,1,0,0,0,1,5,0,0,1
53,0,0,0,0,0,1,0,0,0,1,47.1,0,0,1
54,0,0,0,0,1,0,0,0,0,1,47.1,0,0,1
55,1,0,0,0,1,0,0,1,2,1,120,0,0,1
56,1,1,0,0,1,0,0,1,2,1,120,0,0,1
57,1,0,0,0,0,1,0,1,2,1,120,0,0,1
58,1,1,0,0,0,1,0,1,2,1,120,0,0,1
59,0,0,0,0,0,1,0,0,0,1,26,0,0,1
60,1,1,1,0,0,0,0,0,0,1,27.72,1,0,0
61,0,0,0,0,0,1,0,1,0,1,78.85,0,0,1
62,1,1,0,0,0,0,1,1,0,1,78.85,0,0,1
63,0,0,0,0,0,1,0,1,0,1,61.17,0,0,1
64,1,1,0,0,0,1,0,1,0,1,61.17,0,0,1
65,1,0,0,0,0,1,0,1,0,1,53.1,0,0,1
66,1,1,0,0,0,1,0,1,0,1,53.1,0,0,1
67,1,1,0,0,0,1,0,0,0,1,262.38,1,0,0
68,1,1,0,0,0,1,0,0,0,1,86.5,0,0,1
69,1,0,0,0,0,1,0,0,0,1,29.7,1,0,0
70,1,1,1,0,0,0,0,0,1,1,55,0,0,1
71,0,0,1,0,0,0,0,0,0,1,0,0,0,1
72,0,0,0,0,0,1,0,1,0,1,136.78,1,0,0
73,1,1,0,0,0,1,0,1,0,1,136.78,1,0,0
74,1,1,0,0,0,1,0,0,0,1,151.55,0,0,1
75,0,0,1,0,0,0,0,0,0,1,52,0,0,1
76,0,0,0,0,0,1,0,0,0,1,25.59,0,0,1
77,1,1,0,0,0,1,0,1,1,1,83.16,1,0,0
78,0,0,0,0,0,1,0,1,1,1,83.16,1,0,0
79,1,1,0,0,0,0,1,0,2,1,83.16,1,0,0
80,1,1,0,0,0,1,0,2,0,1,25.7,0,0,1
81,0,0,1,0,0,0,0,0,0,1,26.55,0,0,1
82,0,0,0,0,0,0,1,1,1,1,71,0,0,1
83,1,1,0,0,0,1,0,0,2,1,71,0,0,1
84,1,1,0,0,0,0,1,1,1,1,26.55,0,0,1
85,0,0,0,0,0,1,0,1,0,1,71.28,1,0,0
86,1,1,0,0,0,1,0,1,0,1,71.28,1,0,0
87,1,0,0,0,0,1,0,0,0,1,26.55,0,0,1
88,1,0,0,0,0,1,0,0,0,1,30.5,0,0,1
89,1,1,0,0,0,1,0,0,0,1,151.55,0,0,1
90,0,0,0,0,0,1,0,1,0,1,52,0,0,1
91,1,1,0,0,0,1,0,1,2,1,52,0,0,1
92,1,0,0,0,0,1,0,1,0,1,57,0,0,1
93,1,1,0,0,1,0,0,1,0,1,57,0,0,1
94,1,0,0,0,0,1,0,1,1,1,81.86,0,0,1
95,1,0,0,1,0,0,0,0,2,1,81.86,0,0,1
96,1,1,0,0,0,1,0,1,1,1,81.86,0,0,1
97,0,0,0,0,0,1,0,1,0,1,106.42,1,0,0
98,1,1,0,0,0,1,0,1,1,1,247.52,1,0,0
99,1,1,0,0,0,1,0,1,0,1,106.42,1,0,0
100,1,1,0,0,0,1,0,1,0,1,39.6,1,0,0
101,1,0,0,0,0,1,0,1,0,1,56.93,1,0,0
102,0,0,0,0,0,1,0,0,0,1,29.7,1,0,0
103,1,1,0,0,0,1,0,0,1,1,83.16,1,0,0
104,1,1,0,0,0,1,0,0,0,1,227.53,1,0,0
105,1,1,0,0,0,1,0,1,0,1,78.27,1,0,0
106,0,1,0,0,0,1,0,0,0,1,31.68,1,0,0
107,0,0,1,0,0,0,0,0,0,1,221.78,0,0,1
108,1,1,1,0,0,0,0,0,0,1,31.68,0,0,1
109,1,1,1,0,0,0,0,0,0,1,110.88,1,0,0
110,1,0,0,0,0,1,0,0,0,1,26.39,0,0,1
111,0,0,0,0,0,1,0,0,0,1,27.75,1,0,0
112,1,1,0,0,0,1,0,3,2,1,263,0,0,1
113,1,1,0,0,0,1,0,3,2,1,263,0,0,1
114,1,1,0,0,0,1,0,3,2,1,263,0,0,1
115,0,0,0,0,0,1,0,3,2,1,263,0,0,1
116,0,0,0,0,0,0,1,1,4,1,263,0,0,1
117,1,1,0,0,0,0,1,1,4,1,263,0,0,1
118,1,1,0,0,0,1,0,0,0,1,56.93,1,0,0
119,0,0,1,0,0,0,0,0,0,1,26.55,0,0,1
120,1,0,0,0,0,1,0,2,0,1,133.65,0,0,1
121,1,0,0,0,0,1,0,1,0,1,27.72,1,0,0
122,1,1,1,0,0,0,0,1,0,1,133.65,0,0,1
123,1,1,0,0,0,1,0,0,2,1,49.5,1,0,0
124,1,0,0,0,0,0,1,1,1,1,79.2,1,0,0
125,1,1,0,0,0,1,0,1,1,1,79.2,1,0,0
126,0,0,1,0,0,0,0,0,0,1,0,0,0,1
127,0,0,0,0,0,1,0,1,0,1,53.1,0,0,1
128,1,1,0,0,0,1,0,1,0,1,53.1,0,0,1
129,0,0,0,0,0,1,0,0,0,1,38.5,0,0,1
130,1,1,0,0,0,1,0,0,0,1,211.5,1,0,0
131,1,1,0,0,0,1,0,0,1,1,59.4,1,0,0
132,1,1,0,0,0,1,0,0,1,1,59.4,1,0,0
133,0,0,0,0,0,1,0,0,0,1,79.2,1,0,0
134,1,0,0,0,0,1,0,1,0,1,89.1,1,0,0
135,1,1,1,0,0,0,0,1,0,1,89.1,1,0,0
136,0,0,0,0,0,0,1,0,0,1,34.65,1,0,0
137,1,0,0,0,0,1,0,0,0,1,28.5,1,0,0
138,1,1,0,0,0,1,0,0,0,1,30,0,0,1
139,0,0,0,0,0,1,0,0,1,1,153.46,0,0,1
140,1,1,0,0,0,0,1,0,1,1,153.46,0,0,1
141,1,0,0,0,0,1,0,0,1,1,63.36,1,0,0
142,1,1,0,0,0,1,0,0,1,1,63.36,1,0,0
143,0,0,0,0,0,1,0,0,0,1,79.2,1,0,0
144,1,0,0,0,0,1,0,1,0,1,55.44,1,0,0
145,1,1,0,0,0,1,0,1,0,1,55.44,1,0,0
146,1,0,0,0,0,1,0,1,0,1,76.73,1,0,0
147,1,1,0,0,0,1,0,1,0,1,76.73,1,0,0
148,0,0,1,0,0,0,0,0,0,1,42.4,0,0,1
149,0,0,0,0,0,1,0,1,0,1,83.47,0,0,1
150,1,1,0,0,0,1,0,1,0,1,83.47,0,0,1
151,0,0,0,0,0,1,0,0,0,1,0,0,0,1
152,1,0,0,0,0,1,0,0,0,1,76.73,1,0,0
153,1,0,1,0,0,0,0,0,0,1,30,0,0,1
154,1,1,0,0,0,1,0,0,0,1,83.16,1,0,0
155,0,0,0,0,0,1,0,1,1,1,93.5,0,0,1
156,1,1,0,0,0,1,0,1,1,1,93.5,0,0,1
157,0,0,0,0,0,1,0,0,0,1,42.5,0,0,1
158,0,0,1,0,0,0,0,0,0,1,51.86,0,0,1
159,0,0,0,0,0,1,0,0,0,1,50,0,0,1
160,1,1,0,0,1,0,0,0,1,1,57.98,1,0,0
161,1,1,0,0,0,1,0,0,1,1,57.98,1,0,0
162,1,1,0,0,0,1,0,1,0,1,77.96,0,0,1
163,0,0,0,0,0,1,0,1,0,1,52,0,0,1
164,1,1,0,0,0,1,0,1,0,1,52,0,0,1
165,1,0,0,0,0,1,0,0,0,1,26.55,1,0,0
166,1,0,0,0,0,1,0,1,0,1,90,0,0,1
167,0,0,1,0,0,0,0,0,0,1,30.7,1,0,0
168,1,1,0,0,0,1,0,1,0,1,90,0,0,1
169,0,1,0,0,0,1,0,0,0,1,28.71,1,0,0
170,1,0,0,0,0,1,0,0,0,1,0,0,0,1
171,0,0,0,0,0,1,0,0,0,1,26,0,0,1
172,0,0,0,0,0,1,0,0,0,1,26,0,0,1
173,0,0,0,0,0,1,0,0,0,1,211.5,1,0,0
174,0,0,0,0,0,0,1,0,0,1,29.7,1,0,0
175,0,0,0,0,0,1,0,1,0,1,51.86,0,0,1
176,1,1,1,0,0,0,0,1,0,1,51.86,0,0,1
177,1,0,0,0,0,1,0,1,0,1,52.55,0,0,1
178,1,1,0,0,0,1,0,1,0,1,52.55,0,0,1
179,0,0,1,0,0,0,0,0,0,1,26.55,0,0,1
180,1,1,0,0,0,1,0,0,0,1,211.34,0,0,1
181,1,1,0,0,0,1,0,0,0,1,25.93,0,0,1
182,1,1,0,0,0,1,0,0,0,1,106.42,1,0,0
183,1,0,0,0,0,1,0,0,0,1,512.33,1,0,0
184,0,0,1,0,0,0,0,0,0,1,27.72,1,0,0
185,0,0,0,0,0,1,0,0,0,1,26.55,0,0,1
186,1,1,0,0,0,1,0,0,0,1,27.72,1,0,0
187,1,1,0,0,1,0,0,0,1,1,39.4,0,0,1
188,1,1,0,0,0,1,0,0,1,1,39.4,0,0,1
189,0,0,0,0,0,1,0,0,0,1,30,0,0,1
190,1,1,0,0,0,1,0,0,0,1,77.96,0,0,1
191,0,0,0,0,0,1,0,0,0,1,45.5,0,0,1
192,1,1,0,0,0,0,1,0,0,1,146.52,1,0,0
193,1,1,0,0,1,0,0,0,1,1,211.34,0,0,1
194,0,0,0,0,0,1,0,0,0,1,26,0,0,1
195,1,1,0,0,1,0,0,0,0,1,86.5,0,0,1
196,1,0,1,0,0,0,0,0,0,1,29.7,1,0,0
197,0,0,0,0,0,1,0,1,0,1,53.1,0,0,1
198,1,1,0,0,1,0,0,1,0,1,53.1,0,0,1
199,1,1,0,0,0,1,0,0,0,1,49.5,1,0,0
200,0,0,0,0,0,1,0,0,0,1,75.24,1,0,0
201,0,0,0,0,0,1,0,0,0,1,51.86,0,0,1
202,1,0,0,0,0,1,0,0,0,1,26.29,0,0,1
203,0,0,0,0,0,1,0,1,0,1,82.17,1,0,0
204,1,1,1,0,0,0,0,1,0,1,82.17,1,0,0
205,0,0,0,0,0,0,1,0,0,1,26.55,0,0,1
206,0,0,0,0,0,1,0,2,0,1,90,0,1,0
207,1,1,0,0,0,1,0,1,0,1,90,0,1,0
208,1,1,0,0,0,1,0,1,0,1,90,0,1,0
209,1,0,0,0,0,1,0,1,0,1,57.75,1,0,0
210,0,0,0,0,0,1,0,0,0,1,30.5,0,0,1
211,0,0,0,0,0,1,0,0,0,1,42.4,0,0,1
212,0,0,0,0,0,1,0,0,1,1,29.7,1,0,0
213,1,1,0,0,0,1,0,1,0,1,113.28,1,0,0
214,1,1,0,0,0,1,0,1,0,1,113.28,1,0,0
215,0,0,0,0,0,0,1,0,2,1,113.28,1,0,0
216,1,1,0,0,0,1,0,0,2,1,26.28,0,0,1
217,0,0,0,0,0,0,1,0,0,1,26,0,0,1
218,1,1,0,0,0,1,0,0,0,1,108.9,1,0,0
219,1,0,1,0,0,0,0,0,0,1,25.74,1,0,0
220,1,1,0,0,0,1,0,0,1,1,61.98,1,0,0
221,0,0,0,0,0,0,1,0,1,1,61.98,1,0,0
222,0,0,0,0,0,1,0,0,0,1,27.72,1,0,0
223,0,0,1,0,0,0,0,0,0,1,0,0,0,1
224,0,0,0,0,0,1,0,0,0,1,28.5,0,0,1
225,0,0,0,0,0,1,0,0,0,1,93.5,0,0,1
226,0,0,0,0,0,1,0,1,0,1,66.6,0,0,1
227,1,1,0,0,0,1,0,1,0,1,66.6,0,0,1
228,0,0,0,0,1,0,0,1,0,1,108.9,1,0,0
229,1,1,0,0,1,0,0,1,0,1,108.9,1,0,0
230,1,1,0,0,0,1,0,0,0,1,93.5,0,0,1
231,1,0,0,0,0,1,0,0,0,1,30.5,0,0,1
232,0,0,0,0,0,1,0,0,0,1,52,0,0,1
233,1,1,0,0,0,0,1,0,1,1,83.16,1,0,0
234,0,0,0,0,0,1,0,0,0,1,0,0,0,1
235,1,0,1,0,0,0,0,0,0,1,39.6,0,0,1
236,0,0,0,0,0,1,0,0,0,1,135.63,1,0,0
237,0,0,1,0,0,0,0,0,0,1,227.53,1,0,0
238,1,1,0,0,0,1,0,0,1,1,211.34,0,0,1
239,0,0,0,0,0,1,0,0,0,1,50.5,0,0,1
240,1,0,0,0,0,1,0,0,0,1,26.55,0,0,1
241,0,0,1,0,0,0,0,0,0,1,50,0,0,1
242,1,1,0,0,0,1,0,0,0,1,27.72,1,0,0
243,0,0,0,0,0,1,0,0,0,1,79.2,1,0,0
244,0,0,0,0,0,1,0,0,0,1,40.12,1,0,0
245,1,1,0,0,0,1,0,0,0,1,86.5,0,0,1
246,0,0,0,0,0,1,0,1,0,1,59.4,1,0,0
247,1,1,0,0,0,1,0,1,0,1,59.4,1,0,0
248,0,0,0,0,0,1,0,0,0,1,26.55,0,0,1
249,1,0,0,0,1,0,0,2,2,1,262.38,1,0,0
250,1,1,0,0,1,0,0,2,2,1,262.38,1,0,0
251,1,1,0,0,0,1,0,2,2,1,262.38,1,0,0
252,0,0,0,0,0,0,1,1,3,1,262.38,1,0,0
253,1,1,0,0,0,1,0,1,3,1,262.38,1,0,0
254,1,0,1,0,0,0,0,0,0,1,30.5,0,0,1
255,1,1,0,0,0,1,0,0,0,1,69.3,1,0,0
256,1,0,1,0,0,0,0,0,0,1,26,0,0,1
257,1,1,0,0,0,1,0,1,0,1,57.75,1,0,0
258,1,1,0,0,0,1,0,0,0,1,31,1,0,0
259,1,0,0,0,0,1,0,0,0,1,26.55,0,0,1
260,1,1,0,0,0,1,0,0,0,1,153.46,0,0,1
261,1,0,0,0,0,1,0,0,0,1,26.29,0,0,1
262,0,0,0,0,0,1,0,1,0,1,55.9,0,0,1
263,1,1,0,0,0,1,0,1,0,1,55.9,0,0,1
264,1,0,0,0,0,0,1,0,0,1,35.5,1,0,0
265,1,0,0,0,0,1,0,0,0,1,35.5,0,0,1
266,0,0,0,0,0,0,1,0,0,1,26.55,0,0,1
267,0,0,0,0,0,0,1,0,0,1,30.7,1,0,0
268,0,0,0,0,0,1,0,1,0,1,60,0,0,1
269,0,0,1,0,0,0,0,0,0,1,26,0,0,1
270,1,1,0,0,1,0,0,1,0,1,60,0,0,1
271,1,0,0,0,0,1,0,1,0,1,82.27,0,0,1
272,1,1,0,0,0,1,0,1,0,1,82.27,0,0,1
273,1,0,0,0,1,0,0,0,2,1,134.5,1,0,0
274,1,0,0,0,0,1,0,1,1,1,134.5,1,0,0
275,1,1,0,0,0,1,0,1,1,1,134.5,1,0,0
276,0,0,0,0,0,0,1,1,0,1,146.52,1,0,0
277,1,1,1,0,0,0,0,1,0,1,146.52,1,0,0
278,1,0,0,0,0,1,0,0,0,1,30.5,1,0,0
279,0,0,0,0,0,0,1,0,0,1,26.55,0,0,1
280,1,0,0,0,0,1,0,1,0,1,55.44,1,0,0
281,1,1,0,0,0,1,0,1,0,1,55.44,1,0,0
282,1,1,0,0,0,1,0,1,0,1,78.27,1,0,0
283,0,0,1,0,0,0,0,0,0,1,27.72,1,0,0
284,0,0,0,0,0,0,1,1,0,1,221.78,0,0,1
285,0,1,0,0,0,0,1,1,0,1,221.78,0,0,1
286,0,0,0,0,0,0,1,0,0,1,32.32,0,0,1
287,1,1,0,0,0,1,0,0,0,1,25.93,0,0,1
288,1,1,0,0,1,0,0,0,2,1,79.65,0,0,1
289,0,0,0,0,0,1,0,1,1,1,79.65,0,0,1
290,1,1,0,0,0,1,0,1,1,1,79.65,0,0,1
291,1,0,0,0,0,1,0,1,0,1,52,0,0,1
292,1,1,1,0,0,0,0,1,0,1,52,0,0,1
293,0,0,0,0,0,1,0,1,1,1,110.88,1,0,0
294,1,0,0,0,1,0,0,0,2,1,110.88,1,0,0
295,1,1,0,0,0,1,0,1,1,1,110.88,1,0,0
296,1,1,1,0,0,0,0,0,0,1,79.2,1,0,0
297,1,0,0,0,0,1,0,0,0,1,28.54,1,0,0
298,0,0,0,0,0,1,0,0,0,1,27.72,1,0,0
299,0,0,0,0,0,0,1,0,0,1,33.5,0,0,1
300,0,0,0,0,0,1,0,0,0,1,34.02,0,0,1
301,1,1,0,0,0,1,0,0,0,1,512.33,1,0,0
302,0,0,0,0,0,0,1,1,0,1,75.25,1,0,0
303,1,1,0,0,0,0,1,1,0,1,75.25,1,0,0
304,0,0,0,0,0,0,1,0,0,1,26.55,0,0,1
305,0,0,0,0,0,1,0,0,1,1,77.29,0,0,1
306,0,0,0,0,0,1,0,0,1,1,77.29,0,0,1
307,1,1,0,0,0,1,0,0,0,1,135.63,1,0,0
308,1,1,0,0,0,1,0,0,2,1,164.87,0,0,1
309,0,0,0,0,0,0,1,1,1,1,164.87,0,0,1
310,1,1,0,0,0,1,0,1,1,1,164.87,0,0,1
311,0,0,0,0,0,1,0,1,1,1,211.5,1,0,0
312,0,0,0,0,0,1,0,0,2,1,211.5,1,0,0
313,1,1,0,0,0,1,0,1,1,1,211.5,1,0,0
314,1,1,0,0,0,1,0,0,0,1,26.55,0,0,1
315,0,0,0,0,0,1,0,0,1,1,61.38,1,0,0
316,1,0,0,0,0,1,0,0,1,1,61.38,1,0,0
317,0,0,1,0,0,0,0,0,0,1,35,0,0,1
318,1,1,0,0,0,1,0,0,0,1,134.5,1,0,0
319,1,0,1,0,0,0,0,0,0,1,35.5,0,0,1
320,0,0,0,0,0,0,1,0,0,1,26.55,0,0,1
321,1,1,0,0,0,1,0,0,0,1,135.63,1,0,0
322,0,0,0,0,0,1,0,1,0,2,24,1,0,0
323,1,1,0,0,0,1,0,1,0,2,24,1,0,0
324,0,0,0,0,0,1,0,0,0,2,13,0,0,1
325,0,0,0,0,1,0,0,0,0,2,11.5,0,0,1
326,0,0,0,0,0,1,0,0,0,2,10.5,0,0,1
327,0,0,0,0,0,1,0,1,0,2,26,0,0,1
328,1,1,0,0,0,1,0,1,0,2,26,0,0,1
329,0,0,0,0,0,0,1,0,0,2,13,0,0,1
330,0,0,0,0,1,0,0,0,0,2,11.5,0,0,1
331,0,0,0,0,0,1,0,0,0,2,10.5,0,0,1
332,1,1,0,0,0,1,0,0,0,2,13,0,0,1
333,0,0,0,0,0,1,0,0,0,2,10.5,0,0,1
334,0,0,0,0,0,1,0,0,0,2,12.53,0,0,1
335,1,0,0,0,0,1,0,1,0,2,26,0,0,1
336,1,1,0,0,0,1,0,1,0,2,26,0,0,1
337,0,0,0,0,0,1,0,0,0,2,26,0,0,1
338,1,0,0,1,0,0,0,2,1,2,39,0,0,1
339,1,1,0,1,0,0,0,2,1,2,39,0,0,1
340,1,1,0,0,1,0,0,2,1,2,39,0,0,1
341,1,1,0,0,0,1,0,0,3,2,39,0,0,1
342,1,0,0,0,0,1,0,0,0,2,13,0,0,1
343,1,1,0,0,0,1,0,0,0,2,13,0,0,1
344,0,0,0,0,0,1,0,0,0,2,13,0,0,1
345,0,0,0,0,0,1,0,0,0,2,13,0,0,1
346,0,0,0,0,0,1,0,0,0,2,13,0,0,1
347,0,0,0,0,0,1,0,0,0,2,13,0,0,1
348,1,1,0,0,0,1,0,0,0,2,13,0,0,1
349,1,1,0,0,1,0,0,0,2,2,39,0,0,1
350,0,0,0,0,0,0,1,1,1,2,39,0,0,1
351,1,1,0,0,0,1,0,1,1,2,39,0,0,1
352,1,1,0,0,0,1,0,1,0,2,26,0,0,1
353,0,0,0,0,0,1,0,1,0,2,26,0,0,1
354,1,1,0,0,0,1,0,0,0,2,13,0,0,1
355,0,0,0,0,0,1,0,0,0,2,13,0,0,1
356,0,0,0,0,0,1,0,0,0,2,13,0,0,1
357,1,1,0,0,0,1,0,0,0,2,13,0,0,1
358,1,0,0,1,0,0,0,0,2,2,29,0,0,1
359,1,0,0,0,0,1,0,1,1,2,29,0,0,1
360,1,1,0,0,0,1,0,1,1,2,29,0,0,1
361,1,1,0,0,0,1,0,0,0,2,21,0,0,1
362,0,0,1,0,0,0,0,0,0,2,0,0,0,1
363,0,0,0,0,0,1,0,0,0,2,13,0,0,1
364,0,1,0,0,0,1,0,1,0,2,26,0,0,1
365,0,0,0,0,0,1,0,1,0,2,26,0,0,1
366,0,0,0,0,0,1,0,0,0,2,13.5,0,0,1
367,0,0,0,0,0,1,0,1,0,2,26,0,0,1
368,0,1,0,0,0,1,0,1,0,2,26,0,0,1
369,1,1,0,0,0,1,0,1,1,2,30,0,0,1
370,1,1,0,0,0,1,0,0,2,2,30,0,0,1
371,0,0,0,0,0,1,0,1,0,2,26,0,0,1
372,1,1,0,0,0,1,0,1,0,2,26,0,0,1
373,0,0,0,0,0,1,0,0,0,2,10.5,0,0,1
374,0,0,0,0,0,1,0,0,0,2,13,0,0,1
375,1,0,0,0,0,1,0,0,0,2,10.5,0,0,1
376,1,1,0,0,1,0,0,0,2,2,26.25,0,0,1
377,0,0,0,0,0,1,0,1,1,2,26.25,0,0,1
378,1,1,0,0,0,1,0,1,1,2,26.25,0,0,1
379,1,1,0,0,0,1,0,0,0,2,10.5,0,0,1
380,0,1,0,0,0,1,0,0,0,2,13,0,0,1
381,0,1,1,0,0,0,0,0,0,2,21,0,0,1
382,0,0,0,0,0,1,0,0,0,2,11.5,0,0,1
383,0,0,1,0,0,0,0,0,0,2,0,0,0,1
384,1,0,0,0,1,0,0,1,1,2,36.75,0,0,1
385,0,0,0,0,1,0,0,0,0,2,73.5,0,0,1
386,1,1,0,0,0,1,0,0,2,2,36.75,0,0,1
387,1,1,0,0,0,1,0,0,0,2,13,0,0,1
388,0,0,0,0,0,1,0,0,0,2,13,0,0,1
389,0,0,0,0,1,0,0,0,0,2,73.5,0,0,1
390,0,0,0,0,0,1,0,1,0,2,27.72,1,0,0
391,1,1,0,0,0,1,0,1,0,2,27.72,1,0,0
392,0,0,0,0,0,1,0,0,0,2,31.5,0,0,1
393,0,0,0,0,1,0,0,0,0,2,73.5,0,0,1
394,1,1,0,0,1,0,0,0,1,2,23,0,0,1
395,1,1,0,0,0,1,0,0,1,2,23,0,0,1
396,0,0,0,0,0,1,0,0,0,2,26,0,0,1
397,1,0,0,0,1,0,0,0,2,2,32.5,0,0,1
398,0,0,0,0,0,1,0,1,1,2,32.5,0,0,1
399,1,1,0,0,0,1,0,1,1,2,32.5,0,0,1
400,1,1,0,0,0,1,0,1,0,2,13.86,1,0,0
401,1,1,0,0,0,1,0,1,0,2,13.86,1,0,0
402,0,0,0,0,0,1,0,0,0,2,13,0,0,1
403,0,0,0,0,0,1,0,0,0,2,13,0,0,1
404,0,0,0,0,1,0,0,0,0,2,13,0,0,1
405,0,0,0,0,0,1,0,1,0,2,26,0,0,1
406,1,1,0,0,0,1,0,1,0,2,26,0,0,1
407,0,0,0,0,1,0,0,0,0,2,10.5,0,0,1
408,0,0,0,0,0,1,0,0,0,2,13,0,0,1
409,0,0,1,0,0,0,0,0,0,2,0,0,0,1
410,0,1,0,0,0,1,0,0,0,2,13,0,0,1
411,0,0,0,0,0,1,0,0,0,2,26,0,0,1
412,0,0,0,0,0,1,0,1,0,2,21,0,0,1
413,0,0,0,0,0,1,0,1,0,2,21,0,0,1
414,1,1,0,0,0,1,0,0,0,2,13,0,0,1
415,0,0,0,0,1,0,0,0,0,2,26,0,0,1
416,0,0,0,0,0,1,0,0,0,2,10.5,0,0,1
417,0,0,0,0,0,1,0,0,0,2,10.5,0,0,1
418,0,0,0,0,0,1,0,1,0,2,11.5,0,0,1
419,0,0,0,0,0,1,0,1,0,2,11.5,0,0,1
420,0,0,0,0,0,1,0,0,0,2,13.5,0,0,1
421,0,0,0,0,0,1,0,0,0,2,13,0,0,1
422,0,0,0,0,0,1,0,0,0,2,13,0,0,1
423,0,0,0,0,0,1,0,0,0,2,13,0,0,1
424,0,0,0,0,0,1,0,0,0,2,13,0,0,1
425,0,0,0,0,0,1,0,0,0,2,13,0,0,1
426,1,0,0,1,0,0,0,1,1,2,14.5,0,0,1
427,1,1,0,0,0,1,0,0,2,2,14.5,0,0,1
428,0,0,0,0,0,1,0,0,0,2,13,0,0,1
429,1,1,0,0,1,0,0,0,1,2,33,0,0,1
430,0,0,0,0,0,1,0,0,1,2,33,0,0,1
431,1,0,0,0,0,0,1,0,0,2,10.5,0,0,1
432,0,0,0,0,0,1,0,0,0,2,10.5,0,0,1
433,1,1,0,0,1,0,0,0,2,2,26.25,0,0,1
434,0,0,0,0,0,1,0,1,1,2,26.25,0,0,1
435,1,1,0,0,0,1,0,1,1,2,26.25,0,0,1
436,1,1,0,0,0,1,0,1,2,2,65,0,0,1
437,1,1,0,0,0,1,0,1,2,2,65,0,0,1
438,0,0,0,0,0,1,0,1,2,2,65,0,0,1
439,1,1,0,0,0,1,0,1,2,2,65,0,0,1
440,1,1,0,0,0,1,0,0,0,2,16,0,0,1
441,0,0,0,0,0,1,0,2,0,2,73.5,0,0,1
442,0,0,0,0,0,1,0,2,0,2,73.5,0,0,1
443,0,0,0,0,0,1,0,2,0,2,73.5,0,0,1
444,0,1,0,0,1,0,0,1,1,2,13,0,0,1
445,1,1,0,0,0,1,0,2,1,2,23,0,0,1
446,0,0,0,0,0,1,0,2,1,2,11.5,0,0,1
447,0,0,0,0,0,1,0,0,0,2,13,0,0,1
448,1,1,0,0,0,1,0,1,3,2,23,0,0,1
449,0,0,0,0,0,1,0,0,0,2,13,0,0,1
450,0,0,0,0,0,1,0,1,0,2,26,0,0,1
451,1,1,0,0,0,1,0,1,0,2,26,0,0,1
452,0,0,0,0,0,1,0,0,0,2,73.5,0,0,1
453,1,0,0,0,0,1,0,0,0,2,13,0,0,1
454,0,0,0,0,0,0,1,1,0,2,26,0,0,1
455,0,1,0,0,0,0,1,1,0,2,26,0,0,1
456,0,0,0,0,0,1,0,0,0,2,12.28,0,0,1
457,1,1,0,0,1,0,0,0,0,2,10.5,0,0,1
458,0,0,0,0,0,1,0,1,0,2,27,0,0,1
459,1,1,0,0,0,1,0,2,1,2,27,0,0,1
460,0,0,0,0,0,1,0,0,0,2,15,0,0,1
461,0,0,0,0,0,1,0,2,0,2,31.5,0,0,1
462,0,0,0,0,0,1,0,2,0,2,31.5,0,0,1
463,0,0,0,0,0,1,0,0,0,2,10.5,0,0,1
464,1,1,0,0,0,1,0,0,0,2,13.79,1,0,0
465,0,0,0,0,0,1,0,1,0,2,26,0,0,1
466,1,1,0,0,0,1,0,1,0,2,26,0,0,1
467,0,1,0,0,0,1,0,0,0,2,21,0,0,1
468,1,1,1,0,0,0,0,0,0,2,12.35,0,1,0
469,0,0,0,0,0,1,0,0,0,2,12.35,0,1,0
470,1,1,0,0,0,1,0,0,0,2,13.5,0,0,1
471,0,0,0,0,0,0,1,0,0,2,12.35,0,1,0
472,0,0,1,0,0,0,0,0,0,2,0,0,0,1
473,0,0,0,0,0,1,0,0,0,2,10.5,0,0,1
474,0,1,0,0,0,1,0,1,1,2,26,0,0,1
475,0,0,0,0,0,1,0,1,1,2,26,0,0,1
476,0,0,1,0,0,0,0,0,0,2,10.71,0,1,0
477,1,1,0,1,0,0,0,1,2,2,41.58,1,0,0
478,1,1,0,1,0,0,0,1,2,2,41.58,1,0,0
479,0,0,0,0,0,1,0,1,2,2,41.58,1,0,0
480,1,1,0,0,0,1,0,1,2,2,41.58,1,0,0
481,1,1,0,0,1,0,0,0,0,2,12,1,0,0
482,1,1,1,0,0,0,0,0,0,2,33,0,0,1
483,1,1,0,0,0,1,0,0,0,2,10.5,0,0,1
484,0,0,0,0,0,1,0,0,0,2,12.88,1,0,0
485,0,0,0,0,0,1,0,0,0,2,10.5,0,0,1
486,0,0,0,0,0,0,1,0,0,2,12.35,0,1,0
487,0,0,0,0,0,1,0,1,0,2,26,0,0,1
488,1,1,0,0,0,1,0,1,0,2,26,0,0,1
489,0,1,0,0,0,0,1,0,0,2,10.5,0,0,1
490,0,0,1,0,0,0,0,0,0,2,15.05,1,0,0
491,1,0,0,1,0,0,0,0,2,2,37,1,0,0
492,0,0,0,0,0,1,0,1,1,2,37,1,0,0
493,1,1,0,0,0,1,0,1,1,2,37,1,0,0
494,0,0,1,0,0,0,0,0,0,2,15.58,1,0,0
495,0,0,0,0,0,1,0,0,0,2,13,0,0,1
496,0,0,0,0,0,1,0,0,0,2,16,0,0,1
497,0,0,0,0,0,1,0,0,0,2,13.5,0,0,1
498,0,0,0,0,0,1,0,0,0,2,13,0,0,1
499,0,0,0,0,0,1,0,0,0,2,26,0,0,1
500,1,1,0,0,1,0,0,0,1,2,19.5,0,0,1
501,1,1,0,0,0,1,0,0,1,2,19.5,0,0,1
502,1,0,0,0,0,1,0,0,0,2,10.5,0,0,1
503,0,0,0,0,0,1,0,0,0,2,13,0,0,1
504,0,0,0,0,0,1,0,0,0,2,13,0,0,1
505,0,0,0,0,0,0,1,0,0,2,10.5,0,0,1
506,0,0,0,0,0,1,0,0,0,2,13,0,0,1
507,0,0,0,0,0,1,0,0,0,2,14,0,0,1
508,0,0,0,0,0,1,0,0,0,2,26,0,0,1
509,0,0,0,0,1,0,0,0,0,2,10.5,0,0,1
510,0,0,0,0,0,0,1,0,0,2,9.69,0,1,0
511,0,0,0,0,0,1,0,1,0,2,30.07,1,0,0
512,1,1,0,0,1,0,0,1,0,2,30.07,1,0,0
513,1,0,0,1,0,0,0,1,1,2,26,0,0,1
514,1,0,0,1,0,0,0,1,1,2,26,0,0,1
515,0,0,0,0,0,1,0,0,2,2,26,0,0,1
516,0,0,0,0,0,1,0,0,0,2,13,0,0,1
517,0,0,0,0,0,1,0,1,1,2,36.75,0,0,1
518,0,0,0,0,0,1,0,0,0,2,13.5,0,0,1
519,1,0,0,0,0,1,0,0,0,2,13.86,1,0,0
520,1,1,0,0,0,1,0,0,0,2,10.5,0,0,1
521,0,0,0,0,0,1,0,0,0,2,13,0,0,1
522,1,0,0,0,0,1,0,0,0,2,10.5,0,0,1
523,1,0,1,0,0,0,0,0,0,2,13.86,1,0,0
524,0,0,0,0,0,1,0,0,0,2,10.5,0,0,1
525,1,0,0,0,0,1,0,0,0,2,13.86,1,0,0
526,0,0,0,0,0,1,0,0,0,2,10.5,0,0,1
527,0,0,1,0,0,0,0,0,0,2,0,0,0,1
528,1,1,0,0,0,1,0,0,1,2,26,0,0,1
529,0,0,0,0,0,1,0,0,0,2,10.5,0,0,1
530,0,0,1,0,0,0,0,0,0,2,15.05,1,0,0
531,0,0,0,0,0,1,0,0,0,2,13,0,0,1
532,1,1,0,0,0,1,0,0,1,2,21,0,0,1
533,1,1,0,0,0,1,0,0,0,2,26,0,0,1
534,0,0,0,0,0,1,0,0,1,2,21,0,0,1
535,1,1,0,0,0,1,0,0,0,2,13,0,0,1
536,0,0,0,0,0,1,0,0,0,2,13,0,0,1
537,1,0,0,0,0,1,0,0,0,2,12.74,1,0,0
538,0,0,0,0,0,1,0,0,0,2,15.03,1,0,0
539,1,1,0,1,0,0,0,1,1,2,26,0,0,1
540,1,1,0,0,1,0,0,1,1,2,26,0,0,1
541,1,1,0,0,0,1,0,0,2,2,26,0,0,1
542,0,0,0,0,0,1,0,0,0,2,10.5,0,0,1
543,0,0,0,0,0,1,0,1,0,2,21,0,0,1
544,1,1,0,0,0,1,0,3,0,2,21,0,0,1
545,1,1,0,0,0,1,0,0,0,2,13,0,0,1
546,0,0,0,0,0,1,0,0,0,2,15.05,1,0,0
547,1,0,0,1,0,0,0,1,1,2,18.75,0,0,1
548,1,0,0,1,0,0,0,1,1,2,18.75,0,0,1
549,1,1,0,0,0,1,0,2,3,2,18.75,0,0,1
550,1,1,0,0,0,1,0,0,0,2,10.5,0,0,1
551,0,0,0,0,0,1,0,0,0,2,10.5,0,0,1
552,1,1,0,0,0,1,0,0,0,2,10.5,0,0,1
553,0,0,0,0,0,1,0,0,0,2,13,0,0,1
554,0,0,0,0,0,1,0,0,0,2,13,0,0,1
555,0,0,0,0,0,1,0,0,0,2,26,0,0,1
556,1,1,0,0,0,1,0,0,1,2,26,0,0,1
557,1,1,0,0,1,0,0,0,2,2,13,0,0,1
558,1,1,0,0,0,1,0,0,0,2,36.75,0,0,1
559,1,1,0,0,0,1,0,0,0,2,13,0,0,1
560,0,0,0,0,0,0,1,0,0,2,13.5,0,0,1
561,1,1,0,0,0,1,0,0,0,2,12.35,0,1,0
562,0,0,0,0,0,1,0,0,0,2,10.5,0,0,1
563,1,1,0,0,0,1,0,0,0,2,13,0,0,1
564,0,0,0,0,0,1,0,0,0,2,13,0,0,1
565,0,0,0,0,0,1,0,0,0,2,15.05,1,0,0
566,0,0,0,0,0,1,0,0,0,2,10.5,0,0,1
567,0,0,0,0,1,0,0,0,0,2,13,0,0,1
568,0,0,0,0,1,0,0,0,0,2,65,0,0,1
569,1,1,0,0,0,1,0,0,0,2,10.5,0,0,1
570,0,0,0,0,0,1,0,0,0,2,13,0,0,1
571,1,1,0,0,0,1,0,0,0,2,12.65,0,0,1
572,1,1,0,0,0,1,0,0,0,2,10.5,0,0,1
573,0,0,0,0,0,1,0,1,0,2,21,0,0,1
574,0,1,0,0,0,1,0,1,0,2,21,0,0,1
575,0,0,0,0,0,1,0,0,0,2,13,0,0,1
576,1,1,0,0,0,1,0,0,0,2,21,0,0,1
577,0,0,0,0,0,1,0,1,0,2,21,0,0,1
578,0,0,0,0,0,1,0,1,0,2,10.5,0,0,1
579,1,1,0,0,0,1,0,0,0,2,21,0,0,1
580,0,0,1,0,0,0,0,0,0,2,0,0,0,1
581,1,1,0,0,1,0,0,0,0,2,15.75,0,0,1
582,1,1,0,0,0,1,0,0,0,2,15.75,0,0,1
583,1,1,0,0,0,1,0,0,0,2,13,0,0,1
584,0,0,0,0,0,1,0,1,0,2,26,0,0,1
585,1,1,0,0,0,1,0,1,0,2,26,0,0,1
586,1,0,0,1,0,0,0,1,1,2,23,0,0,1
587,1,1,0,1,0,0,0,1,1,2,23,0,0,1
588,1,1,0,0,0,1,0,0,2,2,23,0,0,1
589,1,1,0,1,0,0,0,1,2,2,27.75,0,0,1
590,1,1,0,1,0,0,0,1,2,2,27.75,0,0,1
591,0,0,0,0,0,1,0,1,2,2,27.75,0,0,1
592,1,1,0,0,0,1,0,1,2,2,27.75,0,0,1
593,0,0,0,0,0,0,1,0,0,2,10.5,0,0,1
594,0,0,1,0,0,0,0,0,0,2,12.88,0,0,1
595,1,0,0,0,0,1,0,0,0,2,13,0,0,1
596,1,0,1,0,0,0,0,0,0,2,13,0,0,1
597,1,1,0,0,0,1,0,0,0,2,13.5,0,0,1
598,0,1,0,0,0,1,0,0,0,2,13,0,0,1
599,0,0,0,0,0,1,0,0,0,3,7.55,0,0,1
600,0,0,0,0,1,0,0,0,2,3,20.25,0,0,1
601,0,0,0,0,1,0,0,1,1,3,20.25,0,0,1
602,1,1,0,0,0,1,0,1,1,3,20.25,0,0,1
603,1,1,0,0,1,0,0,0,0,3,7.65,0,0,1
604,1,0,0,0,0,1,0,0,0,3,7.65,0,0,1
605,1,0,0,0,0,1,0,0,0,3,7.92,0,0,1
606,1,1,0,0,1,0,0,0,0,3,7.23,1,0,0
607,0,0,0,0,0,1,0,0,0,3,7.25,0,0,1
608,0,0,0,0,0,1,0,0,0,3,8.05,0,0,1
609,0,1,0,0,0,1,0,1,0,3,9.47,0,0,1
610,1,0,0,1,0,0,0,0,1,3,9.35,0,0,1
611,1,1,0,0,1,0,0,0,1,3,9.35,0,0,1
612,1,0,0,0,0,1,0,0,0,3,18.79,1,0,0
613,0,0,0,0,0,1,0,0,0,3,7.89,0,0,1
614,0,0,0,0,0,1,0,0,0,3,7.92,0,0,1
615,0,0,0,0,0,1,0,0,0,3,7.05,0,0,1
616,0,0,0,0,0,1,0,0,0,3,7.05,0,0,1
617,0,0,0,0,0,1,0,0,0,3,8.05,0,0,1
618,0,0,0,0,1,0,0,0,0,3,8.3,0,0,1
619,0,0,0,0,0,1,0,0,0,3,22.52,0,0,1
620,1,1,0,0,0,1,0,1,0,3,7.85,0,0,1
621,0,0,0,1,0,0,0,4,2,3,31.27,0,0,1
622,0,1,0,0,1,0,0,4,2,3,31.27,0,0,1
623,0,1,0,1,0,0,0,4,2,3,31.27,0,0,1
624,1,1,0,0,1,0,0,4,2,3,7.92,0,0,1
625,0,1,0,0,0,1,0,4,2,3,7.78,0,0,1
626,0,1,0,0,1,0,0,4,2,3,31.27,0,0,1
627,0,1,0,0,1,0,0,4,2,3,31.27,0,0,1
628,0,0,0,0,0,1,0,1,5,3,31.27,0,0,1
629,1,0,0,0,0,1,0,0,0,3,7.8,0,0,1
630,0,0,0,0,0,1,0,0,0,3,7.78,0,0,1
631,0,1,0,0,0,1,0,1,5,3,31.27,0,0,1
632,0,0,0,0,0,1,0,0,0,3,7.85,0,0,1
633,0,0,0,0,0,1,0,0,0,3,7.9,0,0,1
634,0,0,0,0,0,1,0,1,0,3,17.8,0,0,1
635,0,1,0,0,1,0,0,1,0,3,17.8,0,0,1
636,0,0,0,0,0,1,0,0,0,3,7.78,0,0,1
637,0,0,0,0,0,1,0,0,0,3,7.05,0,0,1
638,0,0,0,1,0,0,0,4,2,3,31.39,0,0,1
639,0,0,0,0,1,0,0,4,2,3,31.39,0,0,1
640,1,0,0,1,0,0,0,4,2,3,31.39,0,0,1
641,0,0,0,0,1,0,0,4,2,3,31.39,0,0,1
642,1,1,0,1,0,0,0,4,2,3,31.39,0,0,1
643,0,0,0,0,0,1,0,1,5,3,31.39,0,0,1
644,1,0,0,0,0,1,0,0,0,3,7.8,0,0,1
645,1,1,0,0,0,1,0,1,5,3,31.39,0,0,1
646,1,1,0,0,0,1,0,0,0,3,7.22,1,0,0
647,0,0,0,0,0,1,0,0,0,3,7.22,1,0,0
648,0,0,0,0,0,1,0,0,0,3,7.05,0,0,1
649,0,1,0,0,1,0,0,0,0,3,14.46,1,0,0
650,0,0,0,0,0,1,0,0,0,3,7.22,1,0,0
651,0,0,0,0,0,1,0,0,0,3,7.85,0,0,1
652,1,1,0,0,1,0,0,0,0,3,7.23,1,0,0
653,0,0,0,0,0,1,0,0,0,3,7.22,1,0,0
654,0,0,0,0,0,1,0,1,0,3,15.85,0,0,1
655,1,1,0,0,0,1,0,3,0,3,15.85,0,0,1
656,1,1,0,1,0,0,0,2,1,3,19.26,1,0,0
657,1,1,0,1,0,0,0,2,1,3,19.26,1,0,0
658,1,1,0,1,0,0,0,2,1,3,19.26,1,0,0
659,1,1,0,0,0,1,0,0,3,3,19.26,1,0,0
660,1,1,0,0,1,0,0,0,0,3,8.05,0,0,1
661,0,0,0,0,0,1,0,0,0,3,7.22,1,0,0
662,0,0,0,0,0,1,0,0,0,3,7.9,0,0,1
663,1,0,0,0,0,1,0,0,0,3,7.23,1,0,0
664,0,1,0,0,1,0,0,0,1,3,14.45,1,0,0
665,0,1,0,0,0,1,0,0,1,3,14.45,1,0,0
666,0,1,0,0,0,1,0,0,0,3,7.88,0,1,0
667,0,0,0,0,0,1,0,0,0,3,8.05,0,0,1
668,0,0,0,0,0,1,0,0,0,3,8.05,0,0,1
669,0,0,0,0,0,1,0,0,0,3,7.78,0,0,1
670,0,0,0,0,0,1,0,0,0,3,9.35,0,0,1
671,0,0,1,0,0,0,0,0,0,3,7.23,1,0,0
672,0,0,0,0,0,1,0,0,0,3,4.01,1,0,0
673,1,0,0,0,0,1,0,0,0,3,56.5,0,0,1
674,0,0,0,0,0,1,0,0,0,3,7.78,0,0,1
675,0,0,0,0,1,0,0,0,0,3,7.75,0,0,1
676,0,0,0,0,0,1,0,0,0,3,7.9,0,0,1
677,0,0,0,0,1,0,0,1,1,3,15.25,1,0,0
678,0,1,0,0,1,0,0,1,1,3,15.25,1,0,0
679,0,0,1,0,0,0,0,0,0,3,7.22,1,0,0
680,0,1,1,0,0,0,0,0,2,3,15.25,1,0,0
681,0,1,1,0,0,0,0,0,2,3,7.75,0,1,0
682,0,0,0,0,0,1,0,1,1,3,15.5,0,1,0
683,0,1,0,0,0,1,0,1,1,3,15.5,0,1,0
684,0,0,0,0,0,1,0,0,0,3,16.1,0,0,1
685,1,1,0,0,0,1,0,0,0,3,7.72,0,1,0
686,0,1,0,0,0,1,0,0,0,3,7.85,0,0,1
687,0,0,0,0,0,1,0,1,0,3,7.05,0,0,1
688,0,0,0,0,0,1,0,1,0,3,7.25,0,0,1
689,0,0,0,0,0,1,0,0,0,3,7.8,0,0,1
690,0,0,0,0,0,1,0,0,0,3,8.05,0,0,1
691,0,1,0,0,1,0,0,0,0,3,7.28,0,1,0
692,1,0,0,0,0,1,0,0,0,3,7.82,0,1,0
693,0,0,0,0,0,1,0,0,0,3,6.75,0,1,0
694,0,1,0,0,1,0,0,0,0,3,7.88,0,1,0
695,0,1,0,0,0,1,0,0,0,3,8.66,0,0,1
696,0,1,0,0,0,1,0,0,0,3,8.66,0,0,1
697,0,0,0,0,1,0,0,0,0,3,8.66,0,0,1
698,0,0,0,0,0,1,0,0,0,3,8.66,0,0,1
699,0,0,0,0,1,0,0,0,0,3,8.66,0,0,1
700,0,0,0,0,1,0,0,0,0,3,8.66,0,0,1
701,0,1,0,0,0,1,0,0,0,3,7.75,0,1,0
702,0,0,0,0,0,1,0,0,0,3,7.75,0,1,0
703,0,0,0,0,0,1,0,0,0,3,8.05,0,0,1
704,0,0,1,0,0,0,0,1,0,3,14.46,1,0,0
705,0,1,1,0,0,0,0,1,0,3,14.46,1,0,0
706,0,0,0,0,0,1,0,0,0,3,7.8,0,0,1
707,0,0,0,0,0,1,0,0,0,3,7.85,0,0,1
708,1,1,0,0,1,0,0,0,0,3,7.75,0,1,0
709,0,1,0,0,0,1,0,0,0,3,7.75,0,1,0
710,0,0,0,0,0,1,0,0,0,3,7.25,0,0,1
711,0,0,0,0,0,1,0,0,0,3,8.05,0,0,1
712,0,0,0,0,0,1,0,0,0,3,7.73,0,1,0
713,1,0,0,0,0,1,0,0,0,3,56.5,0,0,1
714,0,0,0,0,0,1,0,0,0,3,8.05,0,0,1
715,0,0,0,0,0,1,0,1,0,3,14.45,1,0,0
716,0,0,0,0,1,0,0,1,0,3,14.45,1,0,0
717,0,0,0,0,0,1,0,0,0,3,7.05,0,0,1
718,1,0,0,0,1,0,0,0,0,3,8.05,0,0,1
719,0,0,0,0,0,1,0,0,0,3,7.25,0,1,0
720,0,0,0,0,0,1,0,0,0,3,7.5,0,0,1
721,0,0,0,0,0,1,0,0,0,3,7.5,0,0,1
722,0,0,0,0,0,1,0,0,0,3,7.73,0,1,0
723,0,0,0,0,0,1,0,0,0,3,7.75,0,1,0
724,1,1,0,0,0,1,0,0,0,3,7.75,0,1,0
725,0,1,0,0,0,1,0,0,0,3,7.63,0,1,0
726,0,0,0,0,0,0,1,0,0,3,7.75,0,1,0
727,0,0,0,0,0,1,0,0,0,3,8.05,0,0,1
728,0,0,0,0,0,1,0,0,0,3,7.9,0,0,1
729,0,0,0,0,0,1,0,0,0,3,7.9,0,0,1
730,0,0,0,0,0,1,0,0,0,3,7.9,0,0,1
731,0,0,0,0,0,1,0,0,0,3,8.05,0,0,1
732,1,0,0,0,1,0,0,1,1,3,15.9,0,0,1
733,1,0,0,1,0,0,0,1,1,3,15.9,0,0,1
734,1,1,0,0,0,1,0,0,2,3,15.9,0,0,1
735,0,0,0,0,0,0,1,0,0,3,7.25,0,0,1
736,0,0,0,0,0,1,0,0,0,3,8.16,0,0,1
737,1,1,0,0,1,0,0,0,1,3,16.1,0,0,1
738,0,0,0,0,0,1,0,0,1,3,16.1,0,0,1
739,0,0,0,0,1,0,0,0,0,3,8.66,0,0,1
740,0,0,0,0,0,1,0,0,0,3,7.22,1,0,0
741,1,0,0,0,0,1,0,0,0,3,8.05,0,0,1
742,0,1,0,0,0,1,0,0,0,3,10.52,0,0,1
743,0,0,0,0,0,1,0,0,0,3,10.17,0,0,1
744,1,1,0,0,0,1,0,0,0,3,6.95,0,1,0
745,1,0,0,0,0,1,0,0,0,3,7.75,0,1,0
746,0,0,0,1,0,0,0,0,2,3,14.4,0,0,1
747,0,0,0,0,0,1,0,1,1,3,14.4,0,0,1
748,0,1,0,0,0,1,0,1,1,3,14.4,0,0,1
749,0,0,0,0,0,1,0,0,0,3,7.9,0,0,1
750,0,0,0,0,0,1,0,0,0,3,7.9,0,0,1
751,0,0,0,0,0,1,0,2,0,3,24.15,0,0,1
752,0,0,0,0,0,1,0,0,0,3,8.05,0,0,1
753,0,0,0,0,0,1,0,2,0,3,24.15,0,0,1
754,0,0,0,0,1,0,0,2,0,3,8.05,0,0,1
755,0,0,1,0,0,0,0,1,0,3,16.1,0,0,1
756,1,1,1,0,0,0,0,1,0,3,16.1,0,0,1
757,1,0,0,0,0,1,0,1,0,3,17.4,0,0,1
758,1,1,0,0,0,1,0,1,0,3,17.4,0,0,1
759,1,0,0,0,0,1,0,0,0,3,9.5,0,0,1
760,0,0,0,0,1,0,0,0,0,3,9.5,0,0,1
761,1,0,0,1,0,0,0,1,2,3,20.57,0,0,1
762,1,1,0,1,0,0,0,1,2,3,20.57,0,0,1
763,0,0,0,0,0,1,0,1,2,3,20.57,0,0,1
764,1,1,0,0,0,1,0,1,2,3,20.57,0,0,1
765,0,0,0,0,0,1,0,0,0,3,7.9,0,0,1
766,0,0,1,0,0,0,0,0,0,3,7.9,0,0,1
767,0,0,1,0,0,0,0,0,0,3,7.9,0,0,1
768,0,0,0,0,0,1,0,0,0,3,7.25,0,0,1
769,0,0,0,0,0,1,0,0,0,3,7.25,0,0,1
770,1,1,0,0,0,1,0,0,0,3,7.88,0,1,0
771,0,0,0,0,1,0,0,0,0,3,7.9,0,0,1
772,0,0,0,0,0,1,0,0,0,3,8.66,0,0,1
773,0,0,0,0,0,1,0,0,0,3,7.9,0,0,1
774,0,0,1,0,0,0,0,0,0,3,7.23,1,0,0
775,0,0,0,0,0,1,0,0,0,3,7.75,0,1,0
776,1,0,0,0,0,1,0,0,0,3,8.05,0,0,1
777,1,1,0,0,0,1,0,0,0,3,12.47,0,0,1
778,0,1,0,0,0,1,0,0,0,3,7.75,0,1,0
779,1,1,0,0,0,1,0,0,0,3,8.05,0,0,1
780,0,0,0,0,0,1,0,0,0,3,7.9,1,0,0
781,0,0,0,0,0,0,1,0,0,3,7.75,0,1,0
782,1,0,0,0,0,1,0,0,0,3,7.55,0,0,1
783,0,0,0,0,0,1,0,1,0,3,13.9,0,0,1
784,1,1,0,0,0,1,0,1,0,3,13.9,0,0,1
785,0,0,0,0,1,0,0,0,0,3,7.78,0,0,1
786,0,0,0,0,1,0,0,0,0,3,7.78,0,0,1
787,0,0,0,0,0,1,0,0,0,3,6.97,0,0,1
788,0,0,1,0,0,0,0,0,0,3,7.22,1,0,0
789,0,0,0,0,0,1,0,0,2,3,7.23,1,0,0
790,0,0,0,0,1,0,0,1,1,3,7.23,1,0,0
791,0,0,0,0,1,0,0,1,1,3,7.23,1,0,0
792,0,0,0,0,0,1,0,0,0,3,7.25,0,0,1
793,1,1,0,1,0,0,0,0,0,3,12.47,0,0,1
794,0,0,1,0,0,0,0,0,0,3,7.22,1,0,0
795,0,0,0,0,0,1,0,0,0,3,15.1,0,0,1
796,0,0,0,0,0,1,0,0,0,3,7.75,0,1,0
797,1,0,1,0,0,0,0,0,0,3,7.05,0,0,1
798,0,0,0,0,1,0,0,0,0,3,7.8,0,0,1
799,0,1,1,0,0,0,0,0,0,3,7.75,0,1,0
800,0,0,1,0,0,0,0,0,0,3,7.75,0,1,0
801,0,0,1,0,0,0,0,0,0,3,6.95,0,1,0
802,0,0,0,0,0,1,0,0,0,3,7.88,0,1,0
803,0,0,1,0,0,0,0,0,0,3,7.75,0,1,0
804,1,0,1,0,0,0,0,0,0,3,56.5,0,0,1
805,0,1,0,0,0,1,0,2,2,3,34.38,0,0,1
806,0,1,0,0,1,0,0,2,2,3,34.38,0,0,1
807,0,0,1,0,0,0,0,0,0,3,8.05,0,0,1
808,0,0,0,0,1,0,0,2,2,3,34.38,0,0,1
809,0,0,0,0,1,0,0,1,3,3,34.38,0,0,1
810,0,1,0,0,0,1,0,1,3,3,34.38,0,0,1
811,0,0,1,0,0,0,0,0,0,3,7.75,0,1,0
812,0,0,1,0,0,0,0,0,0,3,7.25,0,0,1
813,0,0,0,0,0,1,0,0,0,3,7.74,0,1,0
814,0,0,1,0,0,0,0,0,0,3,14.5,0,0,1
815,0,0,1,0,0,0,0,0,0,3,7.9,1,0,0
816,0,0,0,0,0,1,0,0,0,3,8.05,0,0,1
817,1,1,0,0,1,0,0,0,0,3,7.73,0,1,0
818,1,1,1,0,0,0,0,0,0,3,7.75,0,1,0
819,1,0,0,0,1,0,0,0,2,3,20.52,0,0,1
820,0,0,0,0,0,1,0,1,1,3,20.52,0,0,1
821,0,0,0,0,0,1,0,0,0,3,7.85,0,0,1
822,1,1,0,0,0,1,0,1,1,3,20.52,0,0,1
823,0,0,0,0,0,1,0,0,0,3,7.05,0,0,1
824,0,0,0,0,1,0,0,5,2,3,46.9,0,0,1
825,0,0,0,1,0,0,0,5,2,3,46.9,0,0,1
826,0,0,0,0,1,0,0,5,2,3,46.9,0,0,1
827,0,1,0,0,1,0,0,5,2,3,46.9,0,0,1
828,0,1,0,0,1,0,0,5,2,3,46.9,0,0,1
829,0,0,0,0,1,0,0,5,2,3,46.9,0,0,1
830,0,0,0,0,0,1,0,1,6,3,46.9,0,0,1
831,0,1,0,0,0,1,0,1,6,3,46.9,0,0,1
832,0,0,0,0,0,1,0,0,0,3,8.05,0,0,1
833,0,0,0,0,0,1,0,0,0,3,8.36,0,0,1
834,0,0,1,0,0,0,0,0,0,3,8.05,0,0,1
835,0,0,0,0,0,1,0,0,0,3,9.85,0,0,1
836,0,0,0,0,0,1,0,2,0,3,7.92,0,0,1
837,0,0,0,0,0,1,0,2,0,3,7.92,0,0,1
838,0,0,0,0,0,1,0,0,0,3,7.78,0,0,1
839,0,1,0,0,0,1,0,0,0,3,8.85,0,0,1
840,0,1,0,0,1,0,0,0,0,3,7.73,0,1,0
841,0,0,1,0,0,0,0,1,0,3,19.97,0,0,1
842,0,0,1,0,0,0,0,1,0,3,19.97,0,0,1
843,0,0,0,0,0,1,0,1,0,3,15.85,0,0,1
844,1,1,0,0,0,1,0,1,0,3,15.85,0,0,1
845,0,0,0,0,0,1,0,0,0,3,9.5,0,0,1
846,0,0,0,0,0,1,0,0,0,3,7.23,1,0,0
847,0,0,0,0,0,1,0,2,0,3,14.11,0,0,1
848,0,0,0,0,0,1,0,1,0,3,7.85,0,0,1
849,0,0,0,0,0,1,0,0,0,3,7.85,0,0,1
850,1,1,0,0,0,1,0,1,0,3,14.11,0,0,1
851,0,1,1,0,0,0,0,0,0,3,7.55,0,0,1
852,0,0,0,0,0,1,0,0,0,3,7.25,0,0,1
853,0,0,1,0,0,0,0,0,0,3,6.86,0,1,0
854,0,0,0,0,1,0,0,0,0,3,18.79,1,0,0
855,1,1,1,0,0,0,0,0,0,3,7.75,0,1,0
856,1,0,0,0,0,1,0,0,0,3,6.97,0,0,1
857,1,0,1,0,0,0,0,0,0,3,56.5,0,0,1
858,0,1,0,0,1,0,0,0,0,3,6.75,0,1,0
859,1,1,0,0,0,1,0,0,0,3,7.92,0,0,1
860,0,1,0,0,0,1,0,0,0,3,7.92,0,0,1
861,1,1,0,0,0,1,0,0,0,3,8.96,0,0,1
862,0,0,0,0,0,1,0,0,0,3,7.9,0,0,1
863,0,1,0,0,0,1,0,0,0,3,7.78,0,0,1
864,0,1,1,0,0,0,0,0,0,3,7.75,0,1,0
865,1,1,0,1,0,0,0,0,1,3,12.29,0,0,1
866,1,1,0,0,0,1,0,1,1,3,12.29,0,0,1
867,0,0,0,0,0,1,0,0,0,3,6.45,0,0,1
868,0,0,0,0,0,1,0,0,0,3,22.52,0,0,1
869,1,1,0,0,0,1,0,0,0,3,7.92,0,0,1
870,0,0,1,0,0,0,0,0,0,3,7.75,0,1,0
871,1,1,1,0,0,0,0,0,0,3,8.05,0,0,1
872,0,0,0,0,0,1,0,0,0,3,7.65,0,0,1
873,1,0,1,0,0,0,0,0,0,3,7.89,0,0,1
874,0,0,0,0,0,1,0,0,0,3,7.23,1,0,0
875,0,0,1,0,0,0,0,0,0,3,7.9,0,0,1
876,0,1,0,0,0,1,0,1,0,3,7.92,0,0,1
877,0,1,0,0,0,1,0,1,0,3,7.92,0,0,1
878,0,0,1,0,0,0,0,0,0,3,7.9,0,0,1
879,1,0,0,0,0,1,0,0,0,3,7.9,1,0,0
880,1,0,0,0,0,1,0,0,0,3,7.8,0,0,1
881,0,0,1,0,0,0,0,0,0,3,7.05,0,0,1
882,0,0,0,0,0,1,0,0,0,3,7.85,0,0,1
883,0,0,0,0,0,1,0,0,0,3,7.85,0,0,1
884,0,0,0,0,1,0,0,1,0,3,7.05,0,0,1
885,1,1,1,0,0,0,0,0,0,3,7.75,0,1,0
886,1,0,1,0,0,0,0,0,0,3,8.11,0,0,1
887,0,0,0,0,0,1,0,0,0,3,6.5,0,0,1
888,1,0,0,0,0,1,0,0,0,3,7.78,0,0,1
889,0,0,0,0,0,1,0,0,0,3,7.8,0,0,1
890,0,0,0,0,0,1,0,0,0,3,8.65,0,0,1
891,0,0,0,0,0,1,0,0,0,3,7.78,0,0,1
892,0,0,0,0,0,1,0,0,0,3,7.85,0,0,1
893,1,0,0,1,0,0,0,1,1,3,11.13,0,0,1
894,1,1,0,1,0,0,0,1,1,3,11.13,0,0,1
895,0,0,0,0,0,1,0,0,0,3,0,0,0,1
896,0,0,0,0,0,1,0,0,0,3,7.78,0,0,1
897,0,0,0,0,0,1,0,0,0,3,0,0,0,1
898,1,1,0,0,0,1,0,0,2,3,11.13,0,0,1
899,0,0,1,0,0,0,0,1,2,3,23.45,0,0,1
900,0,1,1,0,0,0,0,1,2,3,23.45,0,0,1
901,0,0,1,0,0,0,0,1,2,3,23.45,0,0,1
902,0,1,1,0,0,0,0,1,2,3,23.45,0,0,1
903,0,0,0,0,0,1,0,0,0,3,7.9,0,0,1
904,1,0,0,0,0,1,0,0,0,3,7.85,0,0,1
905,0,0,0,0,0,1,0,0,0,3,7.85,0,0,1
906,0,1,0,0,0,1,0,1,0,3,9.82,0,0,1
907,0,1,0,0,0,1,0,1,0,3,9.82,0,0,1
908,1,0,0,0,0,1,0,0,0,3,7.92,0,0,1
909,0,0,0,0,1,0,0,0,0,3,7.12,0,0,1
910,0,0,0,0,0,1,0,0,0,3,8.43,0,0,1
911,0,0,0,0,0,1,0,0,0,3,7.9,0,0,1
912,1,0,0,0,0,1,0,0,0,3,7.8,0,0,1
913,0,0,0,0,0,1,0,0,0,3,7.85,0,0,1
914,0,0,0,0,0,1,0,0,0,3,7.52,0,0,1
915,1,1,0,1,0,0,0,0,1,3,13.42,1,0,0
916,1,0,0,0,0,1,0,0,1,3,13.42,1,0,0
917,0,0,1,0,0,0,0,0,0,3,7.23,1,0,0
918,0,0,0,0,1,0,0,0,0,3,7.23,1,0,0
919,0,0,1,0,0,0,0,0,0,3,7.75,0,1,0
920,0,0,1,0,0,0,0,0,0,3,7.25,0,0,1
921,1,1,1,0,0,0,0,0,0,3,7.75,0,1,0
922,1,1,1,0,0,0,0,0,0,3,7.75,0,1,0
923,0,0,0,0,0,1,0,0,0,3,7.83,0,1,0
924,0,0,0,0,0,1,0,0,0,3,8.05,0,0,1
925,1,0,1,0,0,0,0,0,0,3,7.75,0,1,0
926,0,0,1,0,0,0,0,1,0,3,14.45,1,0,0
927,0,1,1,0,0,0,0,1,0,3,14.45,1,0,0
928,0,0,1,0,0,0,0,1,0,3,7.75,0,1,0
929,0,0,1,0,0,0,0,1,0,3,7.75,0,1,0
930,0,0,1,0,0,0,0,0,0,3,7.74,0,1,0
931,0,1,0,0,0,1,0,2,0,3,8.66,0,0,1
932,0,0,0,0,0,1,0,2,0,3,8.66,0,0,1
933,1,1,0,1,0,0,0,0,2,3,22.02,0,0,1
934,1,0,0,0,0,1,0,3,1,3,22.02,0,0,1
935,1,1,0,0,0,1,0,1,1,3,22.02,0,0,1
936,0,1,0,1,0,0,0,1,1,3,12.18,0,0,1
937,0,0,0,0,1,0,0,1,1,3,7.85,0,0,1
938,0,1,0,0,0,1,0,0,2,3,12.18,0,0,1
939,0,0,1,0,0,0,0,0,0,3,7.9,1,0,0
940,1,0,0,0,0,1,0,0,0,3,7.23,1,0,0
941,0,0,1,0,0,0,0,0,0,3,7.22,1,0,0
942,0,1,0,0,0,1,0,0,0,3,9.59,0,0,1
943,0,0,1,0,0,0,0,0,0,3,7.9,0,0,1
944,1,0,1,0,0,0,0,0,0,3,56.5,0,0,1
945,0,0,1,0,0,0,0,0,0,3,56.5,0,0,1
946,1,1,0,0,0,1,0,0,0,3,7.25,0,0,1
947,0,0,1,0,0,0,0,0,0,3,7.75,0,1,0
948,1,0,0,0,0,1,0,0,0,3,56.5,0,0,1
949,0,0,0,0,0,1,0,0,0,3,9.48,0,0,1
950,0,0,0,0,0,1,0,0,0,3,7.78,0,0,1
951,0,0,0,0,0,1,0,0,0,3,7.78,0,0,1
952,1,0,0,0,0,1,0,0,0,3,7.22,1,0,0
953,0,0,1,0,0,0,0,3,1,3,25.47,0,0,1
954,0,1,1,0,0,0,0,3,1,3,25.47,0,0,1
955,0,1,1,0,0,0,0,3,1,3,25.47,0,0,1
956,0,1,1,0,0,0,0,3,1,3,25.47,0,0,1
957,0,1,1,0,0,0,0,0,4,3,25.47,0,0,1
958,0,0,0,0,0,1,0,0,0,3,7.92,0,0,1
959,0,0,0,0,0,1,0,0,0,3,6.44,1,0,0
960,0,1,1,0,0,0,0,1,0,3,15.5,0,1,0
961,0,0,1,0,0,0,0,1,0,3,15.5,0,1,0
962,0,0,0,0,0,1,0,0,0,3,0,0,0,1
963,0,0,0,0,0,1,0,0,0,3,24.15,0,0,1
964,0,0,0,0,0,1,0,0,0,3,9.5,0,0,1
965,0,1,0,0,0,1,0,0,0,3,7.78,0,0,1
966,0,1,0,0,0,1,0,0,0,3,7.75,0,0,1
967,0,0,0,0,0,1,0,1,0,3,15.55,0,0,1
968,0,1,0,0,0,1,0,1,0,3,15.55,0,0,1
969,1,0,0,0,0,1,0,1,0,3,7.92,0,0,1
970,0,0,1,0,0,0,0,0,0,3,7.88,0,1,0
971,0,0,0,0,0,1,0,0,0,3,56.5,0,0,1
972,0,0,1,0,0,0,0,0,0,3,7.55,0,0,1
973,0,0,0,0,0,1,0,1,0,3,16.1,0,0,1
974,0,1,0,0,0,1,0,1,0,3,16.1,0,0,1
975,0,0,1,0,0,0,0,0,0,3,7.88,0,0,1
976,0,0,0,0,0,1,0,0,0,3,7.25,0,0,1
977,1,0,0,0,0,1,0,0,0,3,8.66,0,0,1
978,0,0,0,0,0,1,0,0,0,3,7.05,0,0,1
979,1,1,0,0,0,1,0,0,0,3,7.85,0,0,1
980,1,0,0,0,0,1,0,0,0,3,7.58,0,0,1
981,0,0,1,0,0,0,0,0,0,3,7.9,0,0,1
982,0,0,1,0,0,0,0,0,0,3,7.55,0,0,1
983,1,1,1,0,0,0,0,0,0,3,7.75,0,1,0
984,1,0,0,0,0,1,0,0,0,3,7.14,0,0,1
985,0,0,0,0,0,1,0,0,0,3,7.12,0,0,1
986,0,1,1,0,0,0,0,0,0,3,7.88,0,1,0
987,0,0,1,0,0,0,0,0,0,3,7.75,0,1,0
988,0,0,1,0,0,0,0,0,0,3,8.05,0,0,1
989,0,0,0,0,0,1,0,0,0,3,7.92,0,0,1
990,1,0,1,0,0,0,0,0,0,3,7.23,1,0,0
991,0,1,0,0,0,1,0,0,0,3,7.75,0,1,0
992,1,1,1,0,0,0,0,0,0,3,7.74,0,1,0
993,0,0,1,0,0,0,0,0,0,3,7.23,1,0,0
994,0,0,0,0,0,1,0,0,0,3,7.9,1,0,0
995,0,0,0,0,0,1,0,0,0,3,7.9,0,0,1
996,1,1,1,0,0,0,0,0,0,3,7.22,1,0,0
997,0,0,1,0,0,0,0,0,0,3,7.9,1,0,0
998,1,1,1,0,0,0,0,0,0,3,7.75,0,1,0
999,1,0,1,0,0,0,0,0,0,3,7.75,0,1,0
1000,1,1,1,0,0,0,0,2,0,3,23.25,0,1,0
1001,1,1,1,0,0,0,0,2,0,3,23.25,0,1,0
1002,1,0,1,0,0,0,0,2,0,3,23.25,0,1,0
1003,1,1,1,0,0,0,0,0,0,3,7.79,0,1,0
1004,0,0,1,0,0,0,0,0,0,3,15.5,0,1,0
1005,1,1,1,0,0,0,0,0,0,3,7.88,0,1,0
1006,1,1,0,0,1,0,0,0,0,3,8.03,0,1,0
1007,0,1,0,0,0,1,0,0,0,3,7.75,0,1,0
1008,0,0,1,0,0,0,0,0,0,3,7.75,0,1,0
1009,0,0,0,0,0,1,0,1,0,3,16.1,0,0,1
1010,0,1,0,0,0,1,0,1,0,3,16.1,0,0,1
1011,0,1,1,0,0,0,0,0,0,3,7.75,0,1,0
1012,0,1,1,0,0,0,0,0,0,3,8.05,0,0,1
1013,0,1,1,0,0,0,0,0,0,3,8.05,0,0,1
1014,0,0,0,0,0,0,1,0,0,3,8.05,0,0,1
1015,0,0,1,0,0,0,0,0,0,3,7.75,0,1,0
1016,1,0,0,0,0,1,0,0,0,3,7.78,0,0,1
1017,0,0,1,0,0,0,0,0,0,3,8.05,0,0,1
1018,0,0,0,0,0,1,0,0,0,3,7.9,0,0,1
1019,0,0,0,0,0,1,0,0,0,3,7.9,0,0,1
1020,0,0,0,0,0,1,0,0,0,3,7.9,0,0,1
1021,0,0,1,0,0,0,0,0,0,3,7.9,0,0,1
1022,1,1,1,0,0,0,0,0,0,3,7.88,0,1,0
1023,0,0,0,0,0,1,0,0,0,3,7.65,0,0,1
1024,1,0,0,0,1,0,0,0,1,3,12.47,0,0,1
1025,1,1,0,0,0,1,0,0,1,3,12.47,0,0,1
1026,0,0,1,0,0,0,0,0,0,3,8.05,0,0,1
1027,1,1,1,0,0,0,0,1,0,3,24.15,0,1,0
1028,0,0,1,0,0,0,0,1,0,3,24.15,0,1,0
1029,0,0,1,0,0,0,0,0,0,3,8.46,0,1,0
1030,0,0,0,0,0,1,0,0,0,3,8.05,0,0,1
1031,0,0,1,0,0,0,0,0,0,3,7.75,0,1,0
1032,1,0,1,0,0,0,0,0,0,3,7.78,0,0,1
1033,1,0,1,0,0,0,0,1,1,3,15.25,1,0,0
1034,1,0,1,0,0,0,0,1,1,3,15.25,1,0,0
1035,1,1,1,0,0,0,0,0,2,3,15.25,1,0,0
1036,1,1,1,0,0,0,0,0,0,3,7.23,1,0,0
1037,0,0,1,0,0,0,0,0,0,3,8.05,0,0,1
1038,1,1,1,0,0,0,0,0,0,3,7.73,0,1,0
1039,1,1,0,0,0,1,0,0,0,3,7.75,0,1,0
1040,0,0,1,0,0,0,0,0,0,3,8.05,0,0,1
1041,1,1,1,0,0,0,0,1,0,3,15.5,0,1,0
1042,1,1,1,0,0,0,0,1,0,3,15.5,0,1,0
1043,1,1,1,0,0,0,0,0,0,3,15.5,0,1,0
1044,0,0,0,0,1,0,0,0,0,3,7.75,0,0,1
1045,0,0,0,0,0,1,0,0,0,3,7.9,0,0,1
1046,1,1,0,0,1,0,0,0,0,3,7.22,1,0,0
1047,1,1,0,1,0,0,0,0,2,3,15.74,1,0,0
1048,1,0,0,0,0,1,0,1,1,3,15.74,1,0,0
1049,1,1,0,0,0,1,0,1,1,3,15.74,1,0,0
1050,0,0,0,0,0,1,0,0,0,3,8.05,0,0,1
1051,0,0,1,0,0,0,0,0,0,3,7.9,0,0,1
1052,0,0,1,0,0,0,0,0,0,3,7.23,1,0,0
1053,0,1,1,0,0,0,0,0,0,3,7.75,0,1,0
1054,0,0,1,0,0,0,0,0,0,3,7.9,0,0,1
1055,1,0,0,0,1,0,0,1,0,3,11.24,1,0,0
1056,1,1,0,0,1,0,0,1,0,3,11.24,1,0,0
1057,0,1,0,0,0,1,0,0,0,3,7.92,0,0,1
1058,0,0,0,0,0,1,0,0,0,3,8.05,0,0,1
1059,1,1,0,0,1,0,0,0,0,3,7.78,0,0,1
1060,1,1,0,0,0,1,0,0,0,3,7.85,0,0,1
1061,0,0,0,0,0,1,0,0,0,3,7.85,0,0,1
1062,0,0,0,0,0,1,0,0,0,3,7.12,0,0,1
1063,1,0,0,0,0,1,0,0,0,3,7.92,0,0,1
1064,0,0,0,0,0,1,0,0,0,3,7.8,0,0,1
1065,0,0,0,0,0,1,0,0,0,3,7.23,1,0,0
1066,1,1,0,0,0,1,0,0,0,3,7.75,0,0,1
1067,0,0,0,0,0,0,1,0,0,3,6.24,0,0,1
1068,0,0,1,0,0,0,0,1,0,3,15.5,0,1,0
1069,0,0,1,0,0,0,0,0,0,3,7.83,0,1,0
1070,1,1,1,0,0,0,0,1,0,3,15.5,0,1,0
1071,0,0,1,0,0,0,0,0,0,3,7.73,0,1,0
1072,0,0,1,0,0,0,0,0,0,3,7.75,0,1,0
1073,0,0,1,0,0,0,0,0,0,3,7.75,0,1,0
1074,0,0,0,0,0,1,0,0,0,3,9.22,0,0,1
1075,0,1,1,0,0,0,0,0,0,3,7.75,0,1,0
1076,1,1,1,0,0,0,0,0,0,3,7.75,0,1,0
1077,1,1,1,0,0,0,0,0,0,3,7.88,0,1,0
1078,1,1,0,0,0,1,0,0,0,3,7.78,0,0,1
1079,1,0,1,0,0,0,0,0,0,3,7.75,0,1,0
1080,1,1,1,0,0,0,0,0,0,3,7.83,0,1,0
1081,1,0,0,0,1,0,0,0,1,3,3.17,0,0,1
1082,0,0,0,0,0,1,0,0,0,3,22.52,0,0,1
1083,0,0,0,0,0,1,0,0,1,3,8.4,0,0,1
1084,0,0,1,0,0,0,0,0,0,3,7.31,0,0,1
1085,0,1,0,0,0,1,0,0,0,3,7.85,0,0,1
1086,0,0,0,0,0,1,0,0,0,3,7.85,0,0,1
1087,1,0,0,0,0,1,0,0,0,3,7.78,0,0,1
1088,0,0,0,0,0,1,0,0,0,3,9.22,0,0,1
1089,0,1,0,0,0,1,0,0,0,3,8.66,0,0,1
1090,0,1,0,0,0,1,0,0,0,3,8.66,0,0,1
1091,0,0,0,0,0,1,0,0,0,3,8.66,0,0,1
1092,0,0,0,0,1,0,0,0,0,3,9.22,0,0,1
1093,1,1,0,0,0,1,0,0,0,3,8.68,0,0,1
1094,0,1,1,0,0,0,0,0,0,3,7.63,0,1,0
1095,0,0,0,1,0,0,0,3,1,3,21.07,0,0,1
1096,0,0,0,0,1,0,0,3,1,3,21.07,0,0,1
1097,0,1,0,1,0,0,0,3,1,3,21.07,0,0,1
1098,0,1,0,0,1,0,0,3,1,3,21.07,0,0,1
1099,0,1,0,0,0,1,0,0,4,3,21.07,0,0,1
1100,0,0,0,1,0,0,0,4,1,3,39.69,0,0,1
1101,0,0,0,0,1,0,0,4,1,3,39.69,0,0,1
1102,0,0,0,1,0,0,0,4,1,3,39.69,0,0,1
1103,0,0,0,0,1,0,0,4,1,3,39.69,0,0,1
1104,0,0,0,0,1,0,0,4,1,3,39.69,0,0,1
1105,0,1,0,0,0,1,0,0,5,3,39.69,0,0,1
1106,0,0,0,0,0,1,0,0,0,3,8.66,0,0,1
1107,0,0,0,0,0,1,0,0,0,3,14.5,0,0,1
1108,0,0,1,0,0,0,0,0,0,3,8.71,1,0,0
1109,0,0,0,0,0,1,0,0,0,3,7.9,0,0,1
1110,0,0,0,1,0,0,0,1,1,3,13.78,0,0,1
1111,0,1,0,1,0,0,0,1,1,3,13.78,0,0,1
1112,0,1,0,0,0,1,0,0,2,3,13.78,0,0,1
1113,0,0,1,0,0,0,0,0,0,3,7,0,0,1
1114,0,0,1,0,0,0,0,0,0,3,7.78,0,0,1
1115,0,0,1,0,0,0,0,0,0,3,8.05,0,0,1
1116,0,0,0,0,0,1,0,0,0,3,7.92,0,0,1
1117,0,0,0,0,0,1,0,0,0,3,7.92,0,0,1
1118,0,0,0,0,0,1,0,0,0,3,7.25,0,0,1
1119,1,0,0,0,0,1,0,1,0,3,7.78,0,0,1
1120,1,0,1,0,0,0,0,1,1,3,22.36,1,0,0
1121,1,1,1,0,0,0,0,1,1,3,22.36,1,0,0
1122,1,1,1,0,0,0,0,0,2,3,22.36,1,0,0
1123,0,1,1,0,0,0,0,0,0,3,8.14,0,1,0
1124,0,0,0,0,0,1,0,0,0,3,8.05,0,0,1
1125,0,1,0,0,0,1,0,0,0,3,7.9,0,0,1
1126,0,0,0,0,0,1,0,0,0,3,7.9,0,0,1
1127,0,0,1,0,0,0,0,0,0,3,7.9,0,0,1
1128,0,0,0,0,0,1,0,1,0,3,7.78,0,0,1
1129,0,1,0,0,1,0,0,0,0,3,7.78,0,0,1
1130,1,0,0,0,0,1,0,0,0,3,8.05,0,0,1
1131,0,0,1,0,0,0,0,0,0,3,7.9,0,0,1
1132,0,0,0,0,1,0,0,0,0,3,8.66,0,0,1
1133,0,0,0,0,0,1,0,0,0,3,8.66,0,0,1
1134,0,0,1,0,0,0,0,0,0,3,7.9,0,0,1
1135,0,1,1,0,0,0,0,0,0,3,8.11,0,0,1
1136,0,0,1,0,0,0,0,0,0,3,7.23,1,0,0
1137,0,0,1,0,0,0,0,0,0,3,7.25,0,0,1
1138,0,0,0,0,0,1,0,0,0,3,7.9,0,0,1
1139,0,0,0,0,0,1,0,0,0,3,8.05,0,0,1
1140,0,0,0,0,1,0,0,4,1,3,29.12,0,1,0
1141,0,0,0,1,0,0,0,4,1,3,29.12,0,1,0
1142,0,0,0,0,1,0,0,4,1,3,29.12,0,1,0
1143,0,0,0,1,0,0,0,4,1,3,29.12,0,1,0
1144,0,0,0,0,1,0,0,4,1,3,29.12,0,1,0
1145,0,1,0,0,0,1,0,0,5,3,29.12,0,1,0
1146,0,1,0,0,0,1,0,0,0,3,39.69,0,0,1
1147,0,0,0,0,0,1,0,0,0,3,7.12,0,0,1
1148,1,1,1,0,0,0,0,0,0,3,7.72,0,1,0
1149,0,0,1,0,0,0,0,0,0,3,14.5,0,0,1
1150,0,1,1,0,0,0,0,0,0,3,14.5,0,0,1
1151,0,0,0,0,0,1,0,1,0,3,14.5,0,0,1
1152,0,1,0,0,0,1,0,1,0,3,14.5,0,0,1
1153,0,0,1,0,0,0,0,0,0,3,8.05,0,0,1
1154,0,0,1,0,0,0,0,0,0,3,7.78,0,0,1
1155,0,1,0,1,0,0,0,1,1,3,20.21,0,0,1
1156,0,0,0,0,1,0,0,1,1,3,20.21,0,0,1
1157,0,1,0,0,0,1,0,0,2,3,20.21,0,0,1
1158,1,1,1,0,0,0,0,0,0,3,8.05,0,0,1
1159,0,0,0,0,0,1,0,0,0,3,8.05,0,0,1
1160,0,0,0,0,1,0,0,0,0,3,8.05,0,0,1
1161,1,0,1,0,0,0,0,0,0,3,7.75,0,1,0
1162,0,0,1,0,0,0,0,0,0,3,24.15,0,1,0
1163,0,0,1,0,0,0,0,0,0,3,7.23,1,0,0
1164,0,0,0,0,0,1,0,0,0,3,7.22,1,0,0
1165,0,0,1,0,0,0,0,0,0,3,7.22,1,0,0
1166,0,0,1,0,0,0,0,0,0,3,7.73,0,1,0
1167,0,0,1,0,0,0,0,0,0,3,7.58,0,0,1
1168,0,0,0,0,0,1,0,0,0,3,7.25,0,0,1
1169,0,0,1,0,0,0,0,8,2,3,69.55,0,0,1
1170,0,0,0,0,1,0,0,8,2,3,69.55,0,0,1
1171,0,1,1,0,0,0,0,8,2,3,69.55,0,0,1
1172,0,1,1,0,0,0,0,8,2,3,69.55,0,0,1
1173,0,1,1,0,0,0,0,8,2,3,69.55,0,0,1
1174,0,1,1,0,0,0,0,8,2,3,69.55,0,0,1
1175,0,0,1,0,0,0,0,8,2,3,69.55,0,0,1
1176,0,0,1,0,0,0,0,8,2,3,69.55,0,0,1
1177,0,0,1,0,0,0,0,8,2,3,69.55,0,0,1
1178,0,0,1,0,0,0,0,1,9,3,69.55,0,0,1
1179,0,1,1,0,0,0,0,1,9,3,69.55,0,0,1
1180,0,0,0,0,0,1,0,0,0,3,9.32,0,0,1
1181,1,1,0,0,0,1,0,0,0,3,7.65,0,0,1
1182,0,0,0,0,0,1,0,0,0,3,7.92,0,0,1
1183,0,0,1,0,0,0,0,2,0,3,21.68,1,0,0
1184,0,0,1,0,0,0,0,2,0,3,21.68,1,0,0
1185,0,0,1,0,0,0,0,2,0,3,21.68,1,0,0
1186,1,1,0,1,0,0,0,1,1,3,16.7,0,0,1
1187,1,1,0,0,0,1,0,0,2,3,16.7,0,0,1
1188,1,1,0,1,0,0,0,1,1,3,16.7,0,0,1
1189,1,0,0,0,0,1,0,0,0,3,9.5,0,0,1
1190,0,0,0,0,0,1,0,0,0,3,8.05,0,0,1
1191,0,0,0,0,0,1,0,0,0,3,8.05,0,0,1
1192,0,0,1,0,0,0,0,0,0,3,7.72,0,1,0
1193,0,0,1,0,0,0,0,0,0,3,7.9,0,0,1
1194,0,0,1,0,0,0,0,0,0,3,7.75,0,1,0
1195,1,0,0,0,0,1,0,0,0,3,9.5,0,0,1
1196,0,0,1,0,0,0,0,0,0,3,15.1,0,0,1
1197,1,1,1,0,0,0,0,0,0,3,7.78,0,1,0
1198,0,0,1,0,0,0,0,0,0,3,8.05,0,0,1
1199,0,0,1,0,0,0,0,0,0,3,8.05,0,0,1
1200,0,0,0,0,0,1,0,0,0,3,7.23,1,0,0
1201,0,0,1,0,0,0,0,0,0,3,8.05,0,0,1
1202,0,0,0,0,0,1,0,0,0,3,7.9,0,0,1
1203,0,0,0,0,0,1,0,0,0,3,7.92,0,0,1
1204,1,1,0,0,1,0,0,0,0,3,7.5,0,0,1
1205,0,0,0,1,0,0,0,3,2,3,27.9,0,0,1
1206,0,0,0,0,1,0,0,3,2,3,27.9,0,0,1
1207,0,1,0,0,1,0,0,3,2,3,27.9,0,0,1
1208,0,1,0,1,0,0,0,3,2,3,27.9,0,0,1
1209,0,0,0,0,0,1,0,1,4,3,27.9,0,0,1
1210,0,1,0,0,0,1,0,1,4,3,27.9,0,0,1
1211,0,0,1,0,0,0,0,0,0,3,7.9,0,0,1
1212,0,0,1,0,0,0,0,0,0,3,8.05,0,0,1
1213,0,0,1,0,0,0,0,0,0,3,8.66,0,0,1
1214,0,0,1,0,0,0,0,0,0,3,7.75,0,1,0
1215,1,1,1,0,0,0,0,0,0,3,7.73,0,1,0
1216,0,0,0,0,0,1,0,0,0,3,7.65,0,0,1
1217,0,0,0,0,0,1,0,0,0,3,8.05,0,0,1
1218,0,0,1,0,0,0,0,0,0,3,8.05,0,0,1
1219,0,0,0,0,0,1,0,0,0,3,8.05,0,0,1
1220,0,0,1,0,0,0,0,0,0,3,7.9,0,0,1
1221,0,0,0,0,0,1,0,0,0,3,8.66,1,0,0
1222,1,1,0,0,0,1,0,0,0,3,7.55,0,0,1
1223,0,0,0,0,0,1,0,0,0,3,8.05,0,0,1
1224,0,0,0,0,0,1,0,0,0,3,7.9,0,0,1
1225,0,1,0,0,0,1,0,0,0,3,9.84,0,0,1
1226,1,0,0,0,0,1,0,0,0,3,7.92,0,0,1
1227,0,0,0,0,0,1,0,0,0,3,8.66,0,0,1
1228,0,1,0,1,0,0,0,0,1,3,10.46,0,0,1
1229,0,1,0,0,0,1,0,1,1,3,10.46,0,0,1
1230,1,0,0,0,1,0,0,0,0,3,8.05,0,0,1
1231,1,0,0,0,0,1,0,0,0,3,7.92,0,0,1
1232,0,0,0,0,0,1,0,0,0,3,7.05,0,0,1
1233,0,0,0,0,0,0,1,0,0,3,7.78,0,0,1
1234,1,0,0,0,1,0,0,0,0,3,9.22,0,0,1
1235,0,0,0,0,0,1,0,0,0,3,7.8,0,0,1
1236,1,0,0,0,0,1,0,0,0,3,7.8,0,0,1
1237,0,0,0,0,0,1,0,0,0,3,8.05,0,0,1
1238,1,0,0,1,0,0,0,0,1,3,8.52,1,0,0
1239,0,0,1,0,0,0,0,1,0,3,6.44,1,0,0
1240,0,0,1,0,0,0,0,0,0,3,6.44,1,0,0
1241,0,0,1,0,0,0,0,0,0,3,7.22,1,0,0
1242,1,1,0,0,1,0,0,1,1,3,8.52,1,0,0
1243,0,0,1,0,0,0,0,0,0,3,8.05,0,0,1
1244,0,0,1,0,0,0,0,1,0,3,16.1,0,0,1
1245,1,1,1,0,0,0,0,1,0,3,16.1,0,0,1
1246,0,0,0,0,0,1,0,0,0,3,7.92,0,0,1
1247,0,0,1,0,0,0,0,0,0,3,7.75,0,1,0
1248,0,0,1,0,0,0,0,0,0,3,7.9,0,0,1
1249,0,0,0,0,0,1,0,0,0,3,8.05,0,0,1
1250,0,0,0,0,0,1,0,0,0,3,8.05,0,0,1
1251,0,0,1,0,0,0,0,0,0,3,7.23,1,0,0
1252,1,0,0,0,0,1,0,0,0,3,0,0,0,1
1253,0,0,1,0,0,0,0,0,0,3,7.23,1,0,0
1254,1,0,0,0,1,0,0,1,1,3,15.25,1,0,0
1255,1,1,0,0,1,0,0,1,1,3,15.25,1,0,0
1256,1,1,0,0,0,1,0,0,2,3,15.25,1,0,0
1257,0,0,0,0,0,1,0,0,0,3,7.9,0,0,1
1258,1,1,0,0,1,0,0,0,0,3,9.84,0,0,1
1259,1,1,0,0,0,0,1,0,0,3,9.59,0,0,1
1260,0,0,1,0,0,0,0,1,1,3,14.5,0,0,1
1261,0,0,0,0,1,0,0,1,1,3,14.5,0,0,1
1262,0,0,0,0,0,1,0,0,2,3,14.5,0,0,1
1263,0,1,0,0,1,0,0,0,2,3,24.15,0,0,1
1264,0,0,0,0,0,1,0,1,1,3,24.15,0,0,1
1265,0,1,0,0,0,1,0,1,1,3,24.15,0,0,1
1266,0,0,1,0,0,0,0,0,0,3,9.5,0,0,1
1267,0,0,0,0,0,1,0,0,0,3,9.5,0,0,1
1268,0,0,0,0,0,1,0,0,0,3,9.5,0,0,1
1269,0,0,0,0,0,1,0,0,0,3,9.5,0,0,1
1270,0,0,0,0,0,1,0,0,0,3,9,0,0,1
1271,0,1,0,0,1,0,0,2,0,3,18,0,0,1
1272,0,0,0,0,0,1,0,3,0,3,18,0,0,1
1273,0,0,0,0,1,0,0,2,0,3,18,0,0,1
1274,0,1,0,0,0,1,0,1,0,3,18,0,0,1
1275,1,0,0,0,0,1,0,0,0,3,7.22,1,0,0
1276,0,0,0,0,0,1,0,0,0,3,7.85,0,0,1
1277,0,1,0,0,1,0,0,0,0,3,7.85,0,0,1
1278,0,0,0,0,0,1,0,0,0,3,7.9,0,0,1
1279,0,0,0,0,0,1,0,0,0,3,9,0,0,1
1280,0,0,1,0,0,0,0,0,0,3,8.05,0,0,1
1281,0,0,1,0,0,0,0,0,0,3,7.55,0,0,1
1282,0,0,1,0,0,0,0,0,0,3,8.05,0,0,1
1283,0,0,0,0,0,1,0,0,0,3,9.5,0,0,1
1284,1,1,0,0,0,1,0,0,0,3,7.23,1,0,0
1285,0,0,0,0,0,1,0,0,0,3,7.75,0,0,1
1286,0,0,0,0,1,0,0,1,0,3,6.5,0,0,1
1287,0,0,0,0,0,1,0,1,0,3,6.5,0,0,1
1288,1,1,0,0,0,1,0,1,0,3,7,0,0,1
1289,0,0,1,0,0,0,0,0,0,3,8.71,0,0,1
1290,0,0,1,0,0,0,0,0,0,3,7.55,0,0,1
1291,0,0,1,0,0,0,0,0,0,3,8.05,0,0,1
1292,0,0,0,0,0,1,0,0,0,3,16.1,0,0,1
1293,0,0,0,0,0,1,0,0,0,3,7.25,0,0,1
1294,0,0,0,0,0,1,0,0,0,3,8.66,0,0,1
1295,0,0,1,0,0,0,0,0,0,3,7.25,0,0,1
1296,0,0,0,0,0,1,0,0,0,3,9.5,0,0,1
1297,0,0,0,0,0,1,0,1,0,3,14.45,1,0,0
1298,1,1,0,0,1,0,0,1,0,3,14.45,1,0,0
1299,0,0,0,0,0,1,0,0,0,3,7.22,1,0,0
1300,0,0,1,0,0,0,0,0,0,3,7.22,1,0,0
1301,0,0,1,0,0,0,0,0,0,3,14.46,1,0,0
1302,0,1,0,0,1,0,0,1,0,3,14.45,1,0,0
1303,0,1,1,0,0,0,0,1,0,3,14.45,1,0,0
1304,0,0,0,0,0,1,0,0,0,3,7.22,1,0,0
1305,0,0,0,0,0,1,0,0,0,3,7.22,1,0,0
1306,0,0,0,0,0,1,0,0,0,3,7.88,0,0,1
